{"is_source_file": true, "format": "Python", "description": "This file is the main entry point for the FastAPI backend of the Harmony Music Player project. It sets up the FastAPI application with a health check endpoint at `/health`, includes CORS middleware to allow cross-origin requests, and provides metadata such as title, description, and version. It also configures Swagger UI for API testing.", "external_files": ["fastapi", "fastapi.middleware.cors"], "external_methods": ["fastapi.FastAPI", "fastapi.middleware.CorsMiddleware"], "published": ["health_check"], "classes": [], "methods": ["health_check"], "calls": ["FastAPI()", "app.add_middleware()", "@app.get"], "search-terms": ["FastAPI", "health check", "CORS", "ASGI", "minimal API endpoint"], "state": 2, "file_id": 2, "knowledge_revision": 6, "git_revision": "8c71194b63279de41524d826aec8555bd08ca6a4", "revision_history": [{"6": "8c71194b63279de41524d826aec8555bd08ca6a4"}], "ctags": [{"_type": "tag", "name": "app", "path": "/home/kavia/workspace/code-generation/harmony-music-player-319249-319259/fastapi_backend/main.py", "pattern": "/^app = FastAPI($/", "language": "Python", "kind": "variable"}, {"_type": "tag", "name": "health_check", "path": "/home/kavia/workspace/code-generation/harmony-music-player-319249-319259/fastapi_backend/main.py", "pattern": "/^def health_check() -> dict:$/", "language": "Python", "typeref": "typename:dict", "kind": "function", "signature": "()"}, {"_type": "tag", "name": "openapi_tags", "path": "/home/kavia/workspace/code-generation/harmony-music-player-319249-319259/fastapi_backend/main.py", "pattern": "/^openapi_tags = [$/", "language": "Python", "kind": "variable"}], "hash": "7125916bcd89b1164175af868195206a", "format-version": 4, "code-base-name": "fastapi_backend", "filename": "fastapi_backend/main.py", "fields": [{"name": "app = FastAPI(", "scope": "", "scopeKind": "", "description": "unavailable"}]}