{"is_source_file": true, "format": "Python", "description": "This is the main entry point for a FastAPI backend service for the Harmony Music Player. It sets up the FastAPI app, configures CORS middleware, and provides a health check endpoint.", "external_files": ["fastapi", "fastapi.middleware.cors"], "external_methods": ["FastAPI", "CORSMiddleware"], "published": ["health_check"], "classes": [], "methods": [{"name": "dict health_check()", "description": "Health check endpoint returning a simple OK status.", "scope": "", "scopeKind": ""}], "calls": ["FastAPI", "CORSMiddleware", "app.add_middleware", "app.get"], "search-terms": ["FastAPI", "health endpoint", "CORS middleware", "main.py", "backend API"], "state": 2, "file_id": 2, "knowledge_revision": 6, "git_revision": "8c71194b63279de41524d826aec8555bd08ca6a4", "ctags": [{"_type": "tag", "name": "app", "path": "/home/kavia/workspace/code-generation/harmony-music-player-319249-319259/fastapi_backend/main.py", "pattern": "/^app = FastAPI($/", "language": "Python", "kind": "variable"}, {"_type": "tag", "name": "health_check", "path": "/home/kavia/workspace/code-generation/harmony-music-player-319249-319259/fastapi_backend/main.py", "pattern": "/^def health_check() -> dict:$/", "language": "Python", "typeref": "typename:dict", "kind": "function", "signature": "()"}, {"_type": "tag", "name": "openapi_tags", "path": "/home/kavia/workspace/code-generation/harmony-music-player-319249-319259/fastapi_backend/main.py", "pattern": "/^openapi_tags = [$/", "language": "Python", "kind": "variable"}], "hash": "d880442b81799b5d72d4fa93f253f0de", "format-version": 4, "code-base-name": "fastapi_backend", "filename": "fastapi_backend/main.py", "fields": [{"name": "app = FastAPI(", "scope": "", "scopeKind": "", "description": "unavailable"}, {"name": "openapi_tags = [", "scope": "", "scopeKind": "", "description": "unavailable"}], "revision_history": [{"6": "8c71194b63279de41524d826aec8555bd08ca6a4"}]}