{"is_source_file": false, "format": null, "description": "", "external_files": [], "external_methods": [], "published": [], "classes": [], "methods": [], "calls": [], "search-terms": [], "state": 2, "file_id": 3, "knowledge_revision": 7, "git_revision": "8c71194b63279de41524d826aec8555bd08ca6a4", "hash": "186278ea969469056af4a62c0b070ed6", "format-version": 4, "code-base-name": "fastapi_backend", "filename": "fastapi_backend/README.md", "revision_history": [{"7": "8c71194b63279de41524d826aec8555bd08ca6a4"}]}